step,wer_tr_att,wer_tr_ctc
0,1.244947910308838,1.0
2000,0.9762881398200988,0.9885905601761558
4000,0.9864596724510192,0.8744961619377136
6000,0.9374431371688844,0.6086953112057277
8000,0.9964213371276855,0.5658681035041809
10000,0.8971894681453705,0.5055797249078751
12000,0.9553868055343628,0.41938145458698267
14000,0.887107755456652,0.5082673345293317
16000,0.9123716950416564,0.4214294552803039
18000,0.9788613830293927,0.3204912496240515
20000,0.9003285964330038,0.3417876660823822
22000,1.002010464668274,0.28147876262664795
24000,0.8890244364738464,0.2937937001387278
26000,0.8972423672676086,0.21322518711288768
28000,0.9136174917221069,0.2668428942561149
30000,0.8851896077394485,0.19143713301136378
32000,0.90256001551946,0.2008108645677566
34000,0.8604835271835327,0.1259250231087207
36000,0.8620046377182007,0.2078274364272753
38000,0.8794839978218079,0.23689480125904078
40000,0.833890700340271,0.026747590303421012
42000,0.8604914247989655,0.14285298011132647
44000,0.8989532887935638,0.11996472094740182
46000,0.8693937301635742,0.15600967903931928
48000,0.8782320022583008,0.1358128488063812
50000,0.8861568353392861,0.1325437659802644
52000,0.8717027093682971,0.20288761239498854
54000,0.799490213394165,0.1473359167575836
56000,0.7892990708351135,0.10705491403738654
58000,0.8024524748325348,0.08407135917381801
60000,0.8026778399944305,0.19496744981518493
62000,0.748949408531189,0.20628503627247272
64000,0.6342007517814636,0.06799670495092865
66000,0.6278465390205383,0.13658536473910013
68000,0.6800702214241028,0.06309264810646277
70000,0.5247191786766052,0.08475803997781539
72000,0.3491441607475281,0.09235483959869102
74000,0.5476640611886978,0.05715931235597678
76000,0.5371574858824412,0.11614608988165853
78000,0.2462797611951828,0.10600601881742476
80000,0.42935651540756226,0.058929569087922545
82000,0.3229743109809028,0.14471303786222742
84000,0.4026538729667663,0.08636667877435678
86000,0.401769608259201,0.06267280131578443
88000,0.3259518559162433,0.032887405157089204
90000,0.2738642791906992,0.0406054495833814
92000,0.3555357307195663,0.05951378635805223
94000,0.2982014417648315,0.04425831697881218
96000,0.2504126131534576,0.09938565343618393
98000,0.2315428058306376,0.059351389110088325
100000,0.18022331098715463,0.025419344504674233
102000,0.21234236018998276,0.05481163731643128
104000,0.2299485981464386,0.05351765169516985
106000,0.28904989361763,0.0367407120232071
108000,0.2803234457969665,0.0157500424732764
110000,0.1108291558921337,0.0203648721799254
112000,0.12485852198941359,0.08257595300674433
114000,0.1669457810265677,0.00901800883002575
116000,0.2038664698600769,0.036271444211403464
118000,0.11425554752349851,0.0589028410613536
120000,0.12476444244384764,0.07679267935454842
122000,0.0845209434628486,0.044725109423909816
124000,0.11209025482336672,0.05723127616303303
126000,0.1049819588661193,0.047236728481948376
128000,0.1275100018829107,0.09725595141450558
130000,0.1114969750245412,0.0545121943578124
132000,0.0991937890648841,0.035082820802926934
134000,0.11199413239955895,0.02739007771015165
136000,0.0429695211350917,0.0623214282095432
138000,0.0819733962416648,0.0333225466310977
140000,0.15325161106884477,0.04100768157356489
142000,0.12849548272788525,0.05012707305806021
144000,0.0450104735791683,0.04541645799246094
146000,0.09546609967947,0.0245562400668859
148000,0.1314655819109508,0.027747110596724873
150000,0.1071493824323018,0.010373556986451125
152000,0.06729709357023234,0.10057384893298144
154000,0.14488775531450898,0.00767305400222534
156000,0.0698695838451385,0.0055803571927493575
158000,0.0368055552244186,0.011408730720480244
160000,0.1178982742130756,0.020220944657921718
162000,0.02697101072408252,0.027673739241436117
164000,0.0250094234943389,0.04852216131985183
166000,0.10238926361004508,0.03571489323740416
168000,0.12544896251832444,0.027328617560366718
170000,0.11837087571620941,0.0300785997533239
172000,0.016677119070664,0.06984363123774529
174000,0.028117556939832797,0.025865149373809432
176000,0.07295029813593082,0.017822436988353653
178000,0.046494361013174,0.003906250058207625
180000,0.1338002830743789,0.0365866161882877
182000,0.058814767282456076,0.026418881025165254
184000,0.009603086445066645,0.03516048891469832
186000,0.00390625,0.0161458328366279
188000,0.0551319941878318,0.03632852222238263
190000,0.0415714010596275,0.0069444444961845
192000,0.06544784456491466,0.025757282351454067
194000,0.0960028693079948,0.0
196000,0.043018851429224,0.0
198000,0.0191414996515959,0.010383301880210612
200000,0.0803154566540167,0.024801397378124784
202000,0.03436821326613422,0.02230582177275559
204000,0.0214646458625793,0.019810246167386393
206000,0.03429499708793377,0.0173146705620172
208000,0.08391301227467393,0.0331403031945228
210000,0.0222355760633945,0.0432224944233894
212000,0.0610583871603012,0.0125000001862645
214000,0.04856309108436102,0.025955395850663355
216000,0.02712859896322083,0.01305367401801042
218000,0.050743823363022335,0.01937297429889432
220000,0.007909769425168599,0.03487080931663508
222000,0.03973456627378853,0.027094188379123762
224000,0.036843461294968904,0.016176582127809497
226000,0.02110487541982104,0.02652048571286974
228000,0.0113539900630712,0.04058373447608303
230000,0.0522244535386562,0.027767222685118442
232000,0.0072836726903915405,0.008755190584521946
234000,0.1123313382267952,0.038279206305742254
236000,0.052831748500466284,0.010501236127068594
238000,0.048184798409541395,0.028218259196728462
240000,0.04211990189339431,0.04880421647900029
242000,0.043749312941844594,0.03269111051371218
244000,0.01465874817222355,0.019985188543796502
246000,0.01973689720034595,0.029228059109300326
248000,0.03693595688257896,0.03835260542109606
250000,0.0209790207445621,0.023283939063549
252000,0.0154307433404028,0.018442467217230057
254000,0.0503472238779068,0.021171875246283
256000,0.022644633554260753,0.016314603233089
258000,0.01285714320838446,0.0156746033579111
260000,0.058119507506489754,0.017663047782012317
262000,0.06351738679222756,0.023372936062514726
264000,0.0572745390236377,0.0680411383509635
266000,0.0432788468897342,0.026269399904106754
268000,0.006680824926921215,0.020242026075720697
270000,0.03414173838165069,0.022576078876025106
272000,0.03434394262731068,0.016520504839718276
274000,0.0183164197951555,0.0237475205212831
276000,0.0088698305189609,0.0290178563445806
278000,0.01512462496757504,0.032048765303833056
280000,0.021335064034376773,0.028909918334748978
282000,0.019162011248144147,0.009951912543990363
284000,0.015753326316674532,0.03624088019132608
286000,0.0077929752878844495,0.06514596676125245
288000,0.00465722242370245,0.008579032299549948
290000,0.021526618860661956,0.014784606274318038
292000,0.0120320050045847,0.026851753393808932
294000,0.026159039565495014,0.05295322587092713
296000,0.026128632947802502,0.019155234763664826
298000,0.0170719176530838,0.020477430966611
300000,0.03043690230697385,0.01671275788027303
302000,0.00500996690243474,0.047947415212790154
304000,0.0738161886110901,0.02287782785984184
306000,0.021623225616557246,0.016574391034535216
308000,0.03249539770185938,0.011631573938454157
310000,0.049646371975541045,0.019503135234117442
312000,0.0612733289599418,0.0120535716414451
314000,0.008152174064889526,0.012019914739272088
316000,0.00953219663351768,0.00960593243196066
318000,0.0315267443656921,0.017176341265439918
320000,0.020318607799708774,0.04972265958786008
322000,0.00390625,0.0261195246130228
324000,0.0402729259803891,0.05832487282653643
326000,0.00762863105369932,0.037243906408548307
328000,0.0178571436554193,0.014171948749571978
330000,0.00910272228065875,0.0255692629143595
332000,0.03543337869147453,0.02343930523185167
334000,0.0109402444213628,0.0189325213432312
336000,0.024214842046300533,0.020619491529133522
338000,0.02448524208739398,0.01851128973066804
339000,0.0207623597234487,0.029058167012408313
